{"actions":[{"actingAppId":"3dd6a62e-97db-41ed-8239-020eeac8129e","localId":"6381676","mappings":[],"name":"アプリアクション","targetAppId":"9f746d05-eea3-4232-907d-396864317434"}],"apps":[{"acl":{"app":[],"field":[],"record":[]},"app":null,"category":{"categories":[],"useCategory":"false"},"form":{"layout":"[{\"id\":null,\"type\":\"ROW\",\"isSubTable\":false,\"var\":null,\"label\":null,\"controlList\":[{\"label\":\"\\u003Cdiv\\u003E本アプリは、chomskeiで先行環境と現行環境とのdiff検出対象となるアプリです。\\u003C/div\\u003E\",\"styleMap\":{\"width\":551},\"formatted\":\"\\u003Cdiv\\u003E本アプリは、chomskeiで先行環境と現行環境とのdiff検出対象となるアプリです。\\u003C/div\\u003E\",\"type\":\"LABEL\"}]},{\"id\":null,\"type\":\"ROW\",\"isSubTable\":false,\"var\":null,\"label\":null,\"controlList\":[{\"label\":\"\\u003Cdiv\\u003Emain_appでは、以下に示すフィールドを配置しています。\\u003C/div\\u003E\\u003Cdiv\\u003E\\u003Cul\\u003E\\u003Cli\\u003Eラベル\\u003C/li\\u003E\\u003Cli\\u003E文字列&#xff08;1行&#xff09;\\u003C/li\\u003E\\u003Cli\\u003Eリッチエディター\\u003C/li\\u003E\\u003Cli\\u003E文字列&#xff08;複数行&#xff09;\\u003C/li\\u003E\\u003Cli\\u003E数値\\u003C/li\\u003E\\u003Cli\\u003E計算\\u003C/li\\u003E\\u003Cli\\u003Eラジオボタン\\u003C/li\\u003E\\u003Cli\\u003Eチェックボックス\\u003C/li\\u003E\\u003Cli\\u003E複数選択\\u003C/li\\u003E\\u003Cli\\u003Eドロップダウン\\u003C/li\\u003E\\u003Cli\\u003E日付\\u003C/li\\u003E\\u003Cli\\u003E時刻\\u003C/li\\u003E\\u003Cli\\u003E日時\\u003C/li\\u003E\\u003Cli\\u003E添付ファイル\\u003C/li\\u003E\\u003Cli\\u003Eリンク\\u003C/li\\u003E\\u003Cli\\u003Eユーザー選択\\u003C/li\\u003E\\u003Cli\\u003E組織選択\\u003C/li\\u003E\\u003Cli\\u003Eグループ選択\\u003C/li\\u003E\\u003Cli\\u003Eスペース\\u003C/li\\u003E\\u003Cli\\u003E罫線\\u003C/li\\u003E\\u003Cli\\u003Eグループ\\u003C/li\\u003E\\u003Cli\\u003Eテーブル\\u003C/li\\u003E\\u003Cli\\u003Eレコード番号\\u003C/li\\u003E\\u003Cli\\u003E作成者\\u003C/li\\u003E\\u003Cli\\u003E作成日時\\u003C/li\\u003E\\u003Cli\\u003E更新者\\u003C/li\\u003E\\u003Cli\\u003E更新日時\\u003C/li\\u003E\\u003C/ul\\u003E\\u003C/div\\u003E\\u003Cdiv\\u003E上記を除くフィールド、kintoneの機能はsub_appの方を参照してください。\\u003C/div\\u003E\\u003Cdiv\\u003E\\u003Cbr /\\u003E\\u003C/div\\u003E\\u003Cdiv\\u003E以下は、「ラベル」フィールドの装飾です。\\u003C/div\\u003E\\u003Cdiv\\u003E\\u003Cbr /\\u003E\\u003C/div\\u003E\\u003Cdiv\\u003E\\u003Cb\\u003EBold\\u003C/b\\u003E\\u003C/div\\u003E\\u003Cdiv\\u003E\\u003Cdiv\\u003E\\u003Ci\\u003Eshatai\\u003C/i\\u003E\\u003Cbr /\\u003E\\u003C/div\\u003E\\u003Cdiv\\u003E\\u003Cu\\u003E装飾マシマシ\\u003Cbr /\\u003E\\u003C/u\\u003E\\u003Cspan style=\\\"color:rgb( 255 , 0 , 0 )\\\"\\u003E目立つ色\\u003Cspan style=\\\"background-color:rgb( 0 , 0 , 0 )\\\"\\u003E\\u003C/span\\u003E\\u003Cbr /\\u003E\\u003Cspan style=\\\"background-color:rgb( 0 , 0 , 0 )\\\"\\u003E\\u003C/span\\u003E\\u003C/span\\u003E\\u003Cspan style=\\\"background-color:rgb( 255 , 255 , 0 )\\\"\\u003E背景色\\u003Cbr /\\u003E\\u003Cspan style=\\\"background-color:rgb( 255 , 255 , 255 )\\\"\\u003E\\u003C/span\\u003E\\u003C/span\\u003E\\u003Cfont size=\\\"6\\\"\\u003E文字大きくする\\u003Cbr /\\u003E\\u003C/font\\u003E\\u003Cul\\u003E\\u003Cli\\u003Eitemize\\u003C/li\\u003E\\u003C/ul\\u003E\\u003Col\\u003E\\u003Cli\\u003Eenumerate\\u003C/li\\u003E\\u003C/ol\\u003E\\u003Cul style=\\\"margin-left:80px\\\"\\u003E\\u003Cli\\u003Eindent &#43; 1\\u003C/li\\u003E\\u003C/ul\\u003E\\u003Cdiv style=\\\"text-align:center\\\"\\u003E中央ぞろえ\\u003C/div\\u003E\\u003Cdiv style=\\\"text-align:right\\\"\\u003E右揃え\\u003C/div\\u003E\\u003Cdiv style=\\\"text-align:left\\\"\\u003E\\u003Cstrike\\u003E取り消し線\\u003C/strike\\u003E\\u003Cbr /\\u003E\\u003C/div\\u003E\\u003C/div\\u003E\\u003C/div\\u003E\",\"styleMap\":{\"width\":518},\"formatted\":\"\\u003Cdiv\\u003Emain_appでは、以下に示すフィールドを配置しています。\\u003C/div\\u003E\\u003Cdiv\\u003E\\u003Cul\\u003E\\u003Cli\\u003Eラベル\\u003C/li\\u003E\\u003Cli\\u003E文字列（1行）\\u003C/li\\u003E\\u003Cli\\u003Eリッチエディター\\u003C/li\\u003E\\u003Cli\\u003E文字列（複数行）\\u003C/li\\u003E\\u003Cli\\u003E数値\\u003C/li\\u003E\\u003Cli\\u003E計算\\u003C/li\\u003E\\u003Cli\\u003Eラジオボタン\\u003C/li\\u003E\\u003Cli\\u003Eチェックボックス\\u003C/li\\u003E\\u003Cli\\u003E複数選択\\u003C/li\\u003E\\u003Cli\\u003Eドロップダウン\\u003C/li\\u003E\\u003Cli\\u003E日付\\u003C/li\\u003E\\u003Cli\\u003E時刻\\u003C/li\\u003E\\u003Cli\\u003E日時\\u003C/li\\u003E\\u003Cli\\u003E添付ファイル\\u003C/li\\u003E\\u003Cli\\u003Eリンク\\u003C/li\\u003E\\u003Cli\\u003Eユーザー選択\\u003C/li\\u003E\\u003Cli\\u003E組織選択\\u003C/li\\u003E\\u003Cli\\u003Eグループ選択\\u003C/li\\u003E\\u003Cli\\u003Eスペース\\u003C/li\\u003E\\u003Cli\\u003E罫線\\u003C/li\\u003E\\u003Cli\\u003Eグループ\\u003C/li\\u003E\\u003Cli\\u003Eテーブル\\u003C/li\\u003E\\u003Cli\\u003Eレコード番号\\u003C/li\\u003E\\u003Cli\\u003E作成者\\u003C/li\\u003E\\u003Cli\\u003E作成日時\\u003C/li\\u003E\\u003Cli\\u003E更新者\\u003C/li\\u003E\\u003Cli\\u003E更新日時\\u003C/li\\u003E\\u003C/ul\\u003E\\u003C/div\\u003E\\u003Cdiv\\u003E上記を除くフィールド、kintoneの機能はsub_appの方を参照してください。\\u003C/div\\u003E\\u003Cdiv\\u003E\\u003Cbr\\u003E\\u003C/div\\u003E\\u003Cdiv\\u003E以下は、「ラベル」フィールドの装飾です。\\u003C/div\\u003E\\u003Cdiv\\u003E\\u003Cbr\\u003E\\u003C/div\\u003E\\u003Cdiv\\u003E\\u003Cb\\u003EBold\\u003C/b\\u003E\\u003C/div\\u003E\\u003Cdiv\\u003E\\u003Cdiv\\u003E\\u003Ci\\u003Eshatai\\u003C/i\\u003E\\u003Cbr\\u003E\\u003C/div\\u003E\\u003Cdiv\\u003E\\u003Cu\\u003E装飾マシマシ\\u003Cbr\\u003E\\u003C/u\\u003E\\u003Cspan style=\\\"color:rgb( 255 , 0 , 0 )\\\"\\u003E目立つ色\\u003Cspan style=\\\"background-color:rgb( 0 , 0 , 0 )\\\"\\u003E\\u003C/span\\u003E\\u003Cbr\\u003E\\u003Cspan style=\\\"background-color:rgb( 0 , 0 , 0 )\\\"\\u003E\\u003C/span\\u003E\\u003C/span\\u003E\\u003Cspan style=\\\"background-color:rgb( 255 , 255 , 0 )\\\"\\u003E背景色\\u003Cbr\\u003E\\u003Cspan style=\\\"background-color:rgb( 255 , 255 , 255 )\\\"\\u003E\\u003C/span\\u003E\\u003C/span\\u003E\\u003Cfont size=\\\"6\\\"\\u003E文字大きくする\\u003Cbr\\u003E\\u003C/font\\u003E\\u003Cul\\u003E\\u003Cli\\u003Eitemize\\u003C/li\\u003E\\u003C/ul\\u003E\\u003Col\\u003E\\u003Cli\\u003Eenumerate\\u003C/li\\u003E\\u003C/ol\\u003E\\u003Cul style=\\\"margin-left:80px\\\"\\u003E\\u003Cli\\u003Eindent \\u002B 1\\u003C/li\\u003E\\u003C/ul\\u003E\\u003Cdiv style=\\\"text-align:center\\\"\\u003E中央ぞろえ\\u003C/div\\u003E\\u003Cdiv style=\\\"text-align:right\\\"\\u003E右揃え\\u003C/div\\u003E\\u003Cdiv style=\\\"text-align:left\\\"\\u003E\\u003Cstrike\\u003E取り消し線\\u003C/strike\\u003E\\u003Cbr\\u003E\\u003C/div\\u003E\\u003C/div\\u003E\\u003C/div\\u003E\",\"type\":\"LABEL\"}]},{\"id\":null,\"type\":\"ROW\",\"isSubTable\":false,\"var\":null,\"label\":null,\"controlList\":[{\"isVirtical\":true,\"styleMap\":{\"width\":193},\"type\":\"SINGLE_LINE_TEXT\",\"var\":\"文字列__1行_\",\"label\":\"文字列 (1行)\"},{\"isVirtical\":true,\"styleMap\":{\"width\":315,\"height\":162,\"innerHeight\":125},\"type\":\"MULTIPLE_LINE_TEXT\",\"var\":\"文字列__複数行_\",\"label\":\"文字列 (複数行)\"},{\"isVirtical\":true,\"styleMap\":{\"width\":315,\"height\":162,\"innerHeight\":125},\"type\":\"EDITOR\",\"var\":\"リッチエディター\",\"label\":\"リッチエディター\"}]},{\"id\":null,\"type\":\"ROW\",\"isSubTable\":false,\"var\":null,\"label\":null,\"controlList\":[{\"isVirtical\":true,\"styleMap\":{\"width\":193},\"type\":\"DECIMAL\",\"var\":\"数値\",\"label\":\"数値\"},{\"isVirtical\":true,\"styleMap\":{\"width\":193},\"type\":\"CALC\",\"var\":\"計算\",\"label\":\"計算\"}]},{\"id\":null,\"type\":\"ROW\",\"isSubTable\":false,\"var\":null,\"label\":null,\"controlList\":[{\"isVirtical\":true,\"styleMap\":{\"width\":252},\"type\":\"SINGLE_CHECK\",\"var\":\"ラジオボタン\",\"label\":\"ラジオボタン\",\"align\":\"horizontal\"},{\"isVirtical\":true,\"styleMap\":{\"width\":367},\"type\":\"MULTIPLE_CHECK\",\"var\":\"チェックボックス\",\"label\":\"チェックボックス\",\"align\":\"horizontal\"},{\"isVirtical\":true,\"styleMap\":{\"width\":197},\"type\":\"MULTIPLE_SELECT\",\"var\":\"複数選択\",\"label\":\"複数選択\"},{\"isVirtical\":true,\"styleMap\":{\"width\":196},\"type\":\"SINGLE_SELECT\",\"var\":\"ドロップダウン\",\"label\":\"ドロップダウン\"}]},{\"id\":null,\"type\":\"ROW\",\"isSubTable\":false,\"var\":null,\"label\":null,\"controlList\":[{\"isVirtical\":true,\"styleMap\":{\"width\":117},\"type\":\"DATE\",\"var\":\"日付\",\"label\":\"日付\"},{\"isVirtical\":true,\"styleMap\":{\"width\":101},\"type\":\"TIME\",\"var\":\"時刻\",\"label\":\"時刻\"},{\"isVirtical\":true,\"styleMap\":{\"width\":196},\"type\":\"DATETIME\",\"var\":\"日時\",\"label\":\"日時\"}]},{\"id\":null,\"type\":\"ROW\",\"isSubTable\":false,\"var\":null,\"label\":null,\"controlList\":[{\"isVirtical\":true,\"styleMap\":{\"width\":207},\"type\":\"FILE\",\"var\":\"添付ファイル\",\"label\":\"添付ファイル\"},{\"isVirtical\":true,\"styleMap\":{\"width\":193},\"type\":\"LINK\",\"var\":\"リンク\",\"label\":\"リンク\"}]},{\"id\":null,\"type\":\"ROW\",\"isSubTable\":false,\"var\":null,\"label\":null,\"controlList\":[{\"isVirtical\":true,\"styleMap\":{\"width\":344},\"type\":\"USER_SELECT\",\"var\":\"ユーザー選択\",\"label\":\"ユーザー選択\"},{\"isVirtical\":true,\"styleMap\":{\"width\":344},\"type\":\"ORGANIZATION_SELECT\",\"var\":\"組織選択\",\"label\":\"組織選択\"},{\"isVirtical\":true,\"styleMap\":{\"width\":344},\"type\":\"GROUP_SELECT\",\"var\":\"グループ選択\",\"label\":\"グループ選択\"}]},{\"id\":null,\"type\":\"ROW\",\"isSubTable\":false,\"var\":null,\"label\":null,\"controlList\":[{\"styleMap\":{\"width\":516,\"height\":159},\"elementId\":\"space\",\"type\":\"SPACER\"}]},{\"id\":null,\"type\":\"ROW\",\"isSubTable\":false,\"var\":null,\"label\":null,\"controlList\":[{\"isVirtical\":true,\"styleMap\":{},\"canvasData\":[],\"type\":\"GROUP\",\"var\":\"グループ\",\"label\":\"グループ\"}]},{\"id\":null,\"type\":\"ROW\",\"isSubTable\":false,\"var\":null,\"label\":null,\"controlList\":[{\"styleMap\":{\"width\":945},\"type\":\"HR\"}]},{\"id\":null,\"type\":\"ROW\",\"isSubTable\":false,\"var\":null,\"label\":null,\"controlList\":[{\"isVirtical\":true,\"styleMap\":{},\"canvasData\":[{\"id\":null,\"type\":\"ROW\",\"isSubTable\":false,\"var\":null,\"label\":null,\"controlList\":[{\"isVirtical\":true,\"styleMap\":{\"width\":178},\"type\":\"SINGLE_LINE_TEXT\",\"var\":\"フィールド名を表示しない文字列_1行\",\"label\":\"フィールド名を表示しない文字列_1行\"},{\"isVirtical\":true,\"styleMap\":{\"width\":193},\"type\":\"SINGLE_LINE_TEXT\",\"var\":\"自動計算文字列\",\"label\":\"自動計算文字列\"},{\"isVirtical\":true,\"styleMap\":{\"width\":193},\"type\":\"CALC\",\"var\":\"日付計算\",\"label\":\"日付計算\"}]},{\"id\":null,\"type\":\"ROW\",\"isSubTable\":false,\"var\":null,\"label\":null,\"controlList\":[{\"isVirtical\":true,\"styleMap\":{\"width\":252},\"type\":\"SINGLE_CHECK\",\"var\":\"ラジオボタン_縦\",\"label\":\"ラジオボタン（縦）\",\"align\":\"vertical\"},{\"isVirtical\":true,\"styleMap\":{\"width\":252},\"type\":\"MULTIPLE_CHECK\",\"var\":\"チェックボックス_0\",\"label\":\"チェックボックス（縦）\",\"align\":\"vertical\"}]},{\"id\":null,\"type\":\"ROW\",\"isSubTable\":false,\"var\":null,\"label\":null,\"controlList\":[{\"isVirtical\":true,\"styleMap\":{\"width\":344},\"type\":\"USER_SELECT\",\"var\":\"ユーザー選択_複数\",\"label\":\"ユーザー選択（複数）\"},{\"isVirtical\":true,\"styleMap\":{\"width\":344},\"type\":\"GROUP_SELECT\",\"var\":\"グループ選択_複数\",\"label\":\"グループ選択（複数）\"}]}],\"type\":\"GROUP\",\"var\":\"初期表示グループ\",\"label\":\"初期表示グループ\"}]},{\"id\":\"5735071\",\"type\":\"SUBTABLE\",\"isSubTable\":true,\"var\":\"テーブル_0\",\"label\":\"テーブル\",\"controlList\":[{\"isVirtical\":true,\"styleMap\":{\"width\":252},\"type\":\"MULTIPLE_CHECK\",\"var\":\"チェックボックス_1\",\"label\":\"チェックボックス\",\"align\":\"horizontal\"},{\"isVirtical\":true,\"styleMap\":{\"width\":197},\"type\":\"MULTIPLE_SELECT\",\"var\":\"複数選択_0\",\"label\":\"複数選択\"},{\"isVirtical\":true,\"styleMap\":{\"width\":196},\"type\":\"SINGLE_SELECT\",\"var\":\"ドロップダウン_0\",\"label\":\"ドロップダウン\"},{\"isVirtical\":true,\"styleMap\":{\"width\":193},\"type\":\"LINK\",\"var\":\"電話番号\",\"label\":\"電話番号\"},{\"isVirtical\":true,\"styleMap\":{\"width\":193},\"type\":\"LINK\",\"var\":\"メールアドレス\",\"label\":\"メールアドレス\"}]},{\"id\":null,\"type\":\"ROW\",\"isSubTable\":false,\"var\":null,\"label\":null,\"controlList\":[{\"isVirtical\":true,\"styleMap\":{\"width\":120},\"type\":\"RECORD_ID\",\"var\":\"レコード番号\",\"label\":\"レコード番号\"},{\"isVirtical\":true,\"styleMap\":{\"width\":136},\"type\":\"CREATOR\",\"var\":\"作成者\",\"label\":\"作成者\"},{\"isVirtical\":true,\"styleMap\":{\"width\":196},\"type\":\"CREATED_AT\",\"var\":\"作成日時\",\"label\":\"作成日時\"},{\"isVirtical\":true,\"styleMap\":{\"width\":136},\"type\":\"MODIFIER\",\"var\":\"更新者\",\"label\":\"更新者\"},{\"isVirtical\":true,\"styleMap\":{\"width\":196},\"type\":\"MODIFIED_AT\",\"var\":\"更新日時\",\"label\":\"更新日時\"}]}]","revision":null},"iconMeta":null,"info":{"automaticallyChooseTitleComponent":"true","code":null,"decimalPrecision":"16","decimalScale":"4","description":"","enableBulkDeletion":"true","enableRecordReuse":"true","fiscalYearStartMonth":"4","iconKey":"APP62","iconType":"PRESET","jsFiles":null,"jsScope":"ALL","name":"main_app（chomskei解析対象）","roundingMode":"HALF_EVEN","theme":"PLAIN","titleComponentLocalId":null,"useComment":"true","useHistory":"true","useThumbnail":"true"},"jsFiles":[],"notification":{"appNotifications":[{"events":["RECORD_COMMENT_ADDED"],"target":{"entityId":"5735032","entityType":"FIELD_ENTITY","includeSubs":"false"}},{"events":["RECORD_COMMENT_ADDED"],"target":{"entityId":"5735033","entityType":"FIELD_ENTITY","includeSubs":"false"}}],"recordNotifications":[],"reminderTimezone":null,"reminders":[],"useComment":"true","useReminder":"false"},"plugins":[],"reports":[{"advancedMode":"false","filter":{"category":null,"offset":null,"order":[],"q":null,"size":null,"sort":[]},"isAborted":null,"name":"横棒グラフ（集合）","processType":null,"report":"5735155","reportType":"SUBTOTAL","revision":null,"settings":"{\"groups\":[{\"id\":\"5735129\",\"op\":null}],\"summaries\":[{\"op\":\"COUNT\",\"id\":null}],\"chartType\":\"bar\",\"stackType\":\"clustered\",\"sort\":[\"s0\"],\"order\":[\"DESC\"]}","tallyPeriod":null,"tallyStartDateTime":null},{"advancedMode":"false","filter":{"category":null,"offset":null,"order":[],"q":null,"size":null,"sort":[]},"isAborted":null,"name":"縦棒グラフ（集合）","processType":null,"report":"6381655","reportType":"SUBTOTAL","revision":null,"settings":"{\"groups\":[{\"id\":\"5735129\",\"op\":null}],\"summaries\":[{\"op\":\"COUNT\",\"id\":null}],\"chartType\":\"column\",\"stackType\":\"clustered\",\"sort\":[\"s0\"],\"order\":[\"DESC\"]}","tallyPeriod":null,"tallyStartDateTime":null},{"advancedMode":"false","filter":{"category":null,"offset":null,"order":[],"q":null,"size":null,"sort":[]},"isAborted":null,"name":"円グラフ","processType":null,"report":"6381657","reportType":"SUBTOTAL","revision":null,"settings":"{\"groups\":[{\"id\":\"5735129\",\"op\":null}],\"summaries\":[{\"op\":\"COUNT\",\"id\":null}],\"chartType\":\"pie\",\"sort\":[\"s0\"],\"order\":[\"DESC\"]}","tallyPeriod":null,"tallyStartDateTime":null},{"advancedMode":"false","filter":{"category":null,"offset":null,"order":[],"q":null,"size":null,"sort":[]},"isAborted":null,"name":"折れ線グラフ","processType":null,"report":"6381659","reportType":"SUBTOTAL","revision":null,"settings":"{\"groups\":[{\"id\":\"5735129\",\"op\":null}],\"summaries\":[{\"op\":\"COUNT\",\"id\":null}],\"chartType\":\"line\",\"sort\":[\"s0\"],\"order\":[\"DESC\"]}","tallyPeriod":null,"tallyStartDateTime":null},{"advancedMode":"false","filter":{"category":null,"offset":null,"order":[],"q":null,"size":null,"sort":[]},"isAborted":null,"name":"クロス集計表","processType":null,"report":"6381661","reportType":"SUBTOTAL","revision":null,"settings":"{\"groups\":[{\"id\":\"5735129\",\"op\":null},{\"id\":\"5735146\",\"op\":null}],\"summaries\":[{\"op\":\"COUNT\",\"id\":null}],\"chartType\":\"crosstable\",\"sort\":[\"s0\"],\"order\":[\"DESC\"]}","tallyPeriod":null,"tallyStartDateTime":null},{"advancedMode":"false","filter":{"category":null,"offset":null,"order":[],"q":null,"size":null,"sort":[]},"isAborted":null,"name":"表","processType":null,"report":"6381663","reportType":"SUBTOTAL","revision":null,"settings":"{\"groups\":[{\"id\":\"5735129\",\"op\":null}],\"summaries\":[{\"op\":\"COUNT\",\"id\":null}],\"chartType\":\"table\",\"sort\":[\"s0\"],\"order\":[\"DESC\"]}","tallyPeriod":null,"tallyStartDateTime":null},{"advancedMode":"false","filter":{"category":null,"offset":null,"order":[],"q":null,"size":null,"sort":[]},"isAborted":null,"name":"面グラフ（積み上げなし）","processType":null,"report":"6381665","reportType":"SUBTOTAL","revision":null,"settings":"{\"groups\":[{\"id\":\"5735129\",\"op\":null}],\"summaries\":[{\"op\":\"COUNT\",\"id\":null}],\"chartType\":\"area\",\"stackType\":\"none\",\"sort\":[\"s0\"],\"order\":[\"DESC\"]}","tallyPeriod":null,"tallyStartDateTime":null},{"advancedMode":"false","filter":{"category":null,"offset":null,"order":[],"q":null,"size":null,"sort":[]},"isAborted":null,"name":"曲線グラフ","processType":null,"report":"6381667","reportType":"SUBTOTAL","revision":null,"settings":"{\"groups\":[{\"id\":\"5735129\",\"op\":null}],\"summaries\":[{\"op\":\"COUNT\",\"id\":null}],\"chartType\":\"spline\",\"sort\":[\"s0\"],\"order\":[\"DESC\"]}","tallyPeriod":null,"tallyStartDateTime":null},{"advancedMode":"false","filter":{"category":null,"offset":null,"order":[],"q":null,"size":null,"sort":[]},"isAborted":null,"name":"曲線面グラフ","processType":null,"report":"6381669","reportType":"SUBTOTAL","revision":null,"settings":"{\"groups\":[{\"id\":\"5735129\",\"op\":null}],\"summaries\":[{\"op\":\"COUNT\",\"id\":null}],\"chartType\":\"areaspline\",\"stackType\":\"none\",\"sort\":[\"s0\"],\"order\":[\"DESC\"]}","tallyPeriod":null,"tallyStartDateTime":null}],"resource":{"tables":[{"rows":[{"fields":[],"objectId":"0","subObjectId":"-1"}],"type":"AppName"},{"rows":[{"fields":[],"objectId":"0","subObjectId":"-1"}],"type":"AppDescription"},{"rows":[{"fields":[],"objectId":"5735031","subObjectId":"-1"},{"fields":[],"objectId":"5735032","subObjectId":"-1"},{"fields":[],"objectId":"5735033","subObjectId":"-1"},{"fields":[],"objectId":"5735034","subObjectId":"-1"},{"fields":[],"objectId":"5735035","subObjectId":"-1"},{"fields":[],"objectId":"5735036","subObjectId":"-1"},{"fields":[],"objectId":"5735037","subObjectId":"-1"},{"fields":[],"objectId":"5735038","subObjectId":"-1"},{"fields":[],"objectId":"5735071","subObjectId":"-1"},{"fields":[],"objectId":"5735066","subObjectId":"-1"},{"fields":[],"objectId":"5735066","subObjectId":"5735053"},{"fields":[],"objectId":"5735066","subObjectId":"5735054"},{"fields":[],"objectId":"5735067","subObjectId":"-1"},{"fields":[],"objectId":"5735067","subObjectId":"5735055"},{"fields":[],"objectId":"5735067","subObjectId":"5735056"},{"fields":[],"objectId":"5735067","subObjectId":"5735057"},{"fields":[],"objectId":"5735067","subObjectId":"5735058"},{"fields":[],"objectId":"5735068","subObjectId":"-1"},{"fields":[],"objectId":"5735068","subObjectId":"5735059"},{"fields":[],"objectId":"5735068","subObjectId":"5735060"},{"fields":[],"objectId":"5735070","subObjectId":"-1"},{"fields":[],"objectId":"6381627","subObjectId":"-1"},{"fields":[],"objectId":"5735124","subObjectId":"-1"},{"fields":[],"objectId":"5735125","subObjectId":"-1"},{"fields":[],"objectId":"5735126","subObjectId":"-1"},{"fields":[],"objectId":"5735127","subObjectId":"-1"},{"fields":[],"objectId":"5735128","subObjectId":"-1"},{"fields":[],"objectId":"5735129","subObjectId":"-1"},{"fields":[],"objectId":"5735129","subObjectId":"5735039"},{"fields":[],"objectId":"5735129","subObjectId":"5735040"},{"fields":[],"objectId":"5735130","subObjectId":"-1"},{"fields":[],"objectId":"5735130","subObjectId":"5735041"},{"fields":[],"objectId":"5735130","subObjectId":"5735042"},{"fields":[],"objectId":"5735131","subObjectId":"-1"},{"fields":[],"objectId":"5735131","subObjectId":"5735043"},{"fields":[],"objectId":"5735131","subObjectId":"5735044"},{"fields":[],"objectId":"5735131","subObjectId":"5735045"},{"fields":[],"objectId":"5735131","subObjectId":"5735046"},{"fields":[],"objectId":"5735132","subObjectId":"-1"},{"fields":[],"objectId":"5735132","subObjectId":"5735047"},{"fields":[],"objectId":"5735132","subObjectId":"5735048"},{"fields":[],"objectId":"5735133","subObjectId":"-1"},{"fields":[],"objectId":"5735134","subObjectId":"-1"},{"fields":[],"objectId":"5735135","subObjectId":"-1"},{"fields":[],"objectId":"5735136","subObjectId":"-1"},{"fields":[],"objectId":"5735137","subObjectId":"-1"},{"fields":[],"objectId":"5735138","subObjectId":"-1"},{"fields":[],"objectId":"5735139","subObjectId":"-1"},{"fields":[],"objectId":"5735140","subObjectId":"-1"},{"fields":[],"objectId":"5735143","subObjectId":"-1"},{"fields":[],"objectId":"5735144","subObjectId":"-1"},{"fields":[],"objectId":"5735145","subObjectId":"-1"},{"fields":[],"objectId":"5735146","subObjectId":"-1"},{"fields":[],"objectId":"5735146","subObjectId":"5735049"},{"fields":[],"objectId":"5735146","subObjectId":"5735050"},{"fields":[],"objectId":"5735147","subObjectId":"-1"},{"fields":[],"objectId":"5735147","subObjectId":"5735051"},{"fields":[],"objectId":"5735147","subObjectId":"5735052"},{"fields":[],"objectId":"5735148","subObjectId":"-1"},{"fields":[],"objectId":"5735149","subObjectId":"-1"}],"type":"FieldLabel"},{"rows":[{"fields":[],"objectId":"5735151","subObjectId":"-1"},{"fields":[],"objectId":"5735153","subObjectId":"-1"},{"fields":[],"objectId":"6381628","subObjectId":"-1"},{"fields":[],"objectId":"20","subObjectId":"-1"}],"type":"ViewName"},{"rows":[{"fields":[],"objectId":"5735156","subObjectId":"-1"},{"fields":[],"objectId":"5735157","subObjectId":"-1"},{"fields":[],"objectId":"5735158","subObjectId":"-1"}],"type":"StatusState"},{"rows":[{"fields":[],"objectId":"5735161","subObjectId":"-1"},{"fields":[],"objectId":"5735162","subObjectId":"-1"}],"type":"StatusAction"},{"rows":[{"fields":[],"objectId":"5735155","subObjectId":"-1"},{"fields":[],"objectId":"6381655","subObjectId":"-1"},{"fields":[],"objectId":"6381657","subObjectId":"-1"},{"fields":[],"objectId":"6381659","subObjectId":"-1"},{"fields":[],"objectId":"6381661","subObjectId":"-1"},{"fields":[],"objectId":"6381663","subObjectId":"-1"},{"fields":[],"objectId":"6381665","subObjectId":"-1"},{"fields":[],"objectId":"6381667","subObjectId":"-1"},{"fields":[],"objectId":"6381669","subObjectId":"-1"}],"type":"ReportName"},{"rows":[],"type":"CategoryName"}]},"schema":{"groups":[{"childLocalId":"5735143","vtComponentLocalId":"5735142"},{"childLocalId":"5735144","vtComponentLocalId":"5735142"},{"childLocalId":"5735145","vtComponentLocalId":"5735142"},{"childLocalId":"5735146","vtComponentLocalId":"5735142"},{"childLocalId":"5735147","vtComponentLocalId":"5735142"},{"childLocalId":"5735148","vtComponentLocalId":"5735142"},{"childLocalId":"5735149","vtComponentLocalId":"5735142"}],"revision":null,"subTable":{"5735071":{"fieldList":{"5735066":{"id":"5735066","label":"チェックボックス","properties":{"defaultValue":["5735053","5735054"],"noLabel":"false","options":[{"id":"5735053","label":"sample1","valid":true},{"id":"5735054","label":"sample2","valid":true}],"required":"false"},"type":"MULTIPLE_CHECK","var":"チェックボックス_1"},"5735067":{"id":"5735067","label":"複数選択","properties":{"defaultValue":["5735055","5735057"],"noLabel":"false","options":[{"id":"5735055","label":"sample1","valid":true},{"id":"5735056","label":"sample2","valid":true},{"id":"5735057","label":"sample3","valid":true},{"id":"5735058","label":"sample4","valid":true}],"required":"false"},"type":"MULTIPLE_SELECT","var":"複数選択_0"},"5735068":{"id":"5735068","label":"ドロップダウン","properties":{"defaultValue":"5735060","noLabel":"false","options":[{"id":"5735059","label":"sample1","valid":true},{"id":"5735060","label":"sample2","valid":true}],"required":"false"},"type":"SINGLE_SELECT","var":"ドロップダウン_0"},"5735070":{"id":"5735070","label":"メールアドレス","properties":{"defaultValue":"foo@example.com","max":null,"min":null,"noLabel":"false","protocol":"MAIL","required":"false","unique":"false"},"type":"LINK","var":"メールアドレス"},"6381627":{"id":"6381627","label":"電話番号","properties":{"defaultValue":"","max":null,"min":null,"noLabel":"false","protocol":"CALL","required":"false","unique":"false"},"type":"LINK","var":"電話番号"}},"id":"5735071","label":"テーブル","properties":{"noLabel":"false"},"var":"テーブル_0"}},"table":{"fieldList":{"5735031":{"id":"5735031","label":"レコード番号","properties":{"noLabel":"false","required":"true"},"type":"RECORD_ID","var":"レコード番号"},"5735032":{"id":"5735032","label":"更新者","properties":{"noLabel":"false","required":"true"},"type":"MODIFIER","var":"更新者"},"5735033":{"id":"5735033","label":"作成者","properties":{"noLabel":"false","required":"true"},"type":"CREATOR","var":"作成者"},"5735034":{"id":"5735034","label":"更新日時","properties":{"noLabel":"false","required":"true"},"type":"MODIFIED_AT","var":"更新日時"},"5735035":{"id":"5735035","label":"作成日時","properties":{"noLabel":"false","required":"true"},"type":"CREATED_AT","var":"作成日時"},"5735036":{"id":"5735036","label":"ステータス","properties":{"noLabel":"false","required":"false"},"type":"STATUS","var":"ステータス"},"5735037":{"id":"5735037","label":"作業者","properties":{"noLabel":"false","required":"false"},"type":"STATUS_ASSIGNEE","var":"作業者"},"5735038":{"id":"5735038","label":"カテゴリー","properties":{"noLabel":"false","required":"false"},"type":"CATEGORY","var":"カテゴリー"},"5735124":{"id":"5735124","label":"文字列 (1行)","properties":{"defaultValue":"文字列初期値","expression":"","hideExpression":"false","max":null,"min":null,"noLabel":"false","required":"true","unique":"false"},"type":"SINGLE_LINE_TEXT","var":"文字列__1行_"},"5735125":{"id":"5735125","label":"文字列 (複数行)","properties":{"defaultValue":"文字列初期値\n改行あり","noLabel":"false","required":"false"},"type":"MULTIPLE_LINE_TEXT","var":"文字列__複数行_"},"5735126":{"id":"5735126","label":"リッチエディター","properties":{"defaultValue":"\u003Cdiv\u003E文字列初期値\u003Cb\u003E\u003Cbr /\u003E\u003Cbr /\u003EBold\u003Cbr /\u003E\u003C/b\u003E\u003Ci\u003Eshatai\u003C/i\u003E\u003Cbr /\u003E\u003C/div\u003E\u003Cdiv\u003E\u003Cu\u003E装飾マシマシ\u003Cbr /\u003E\u003C/u\u003E\u003Cspan style=\"color:rgb( 255 , 0 , 0 )\"\u003E目立つ色\u003Cspan style=\"background-color:rgb( 0 , 0 , 0 )\"\u003E\u003C/span\u003E\u003Cbr /\u003E\u003Cspan style=\"background-color:rgb( 0 , 0 , 0 )\"\u003E\u003C/span\u003E\u003C/span\u003E\u003Cspan style=\"background-color:rgb( 255 , 255 , 0 )\"\u003E背景色\u003Cbr /\u003E\u003Cspan style=\"background-color:rgb( 255 , 255 , 255 )\"\u003E\u003C/span\u003E\u003C/span\u003E\u003Cfont size=\"6\"\u003E文字大きくする\u003Cbr /\u003E\u003C/font\u003E\u003Cul\u003E\u003Cli\u003Eitemize\u003C/li\u003E\u003C/ul\u003E\u003Col\u003E\u003Cli\u003Eenumerate\u003C/li\u003E\u003C/ol\u003E\u003Cul style=\"margin-left:80px\"\u003E\u003Cli\u003Eindent &#43; 1\u003C/li\u003E\u003C/ul\u003E\u003Cdiv style=\"text-align:center\"\u003E中央ぞろえ\u003C/div\u003E\u003Cdiv style=\"text-align:right\"\u003E右揃え\u003C/div\u003E\u003Cdiv style=\"text-align:left\"\u003E\u003Cstrike\u003E取り消し線\u003C/strike\u003E\u003Cbr /\u003E\u003C/div\u003E\u003Cbr /\u003E\u003C/div\u003E","noLabel":"false","required":"false"},"type":"EDITOR","var":"リッチエディター"},"5735127":{"id":"5735127","label":"数値","properties":{"defaultValue":"2","digit":"false","displayScale":null,"max":null,"min":null,"noLabel":"false","required":"true","roundingMode":null,"scale":null,"unique":"true","unit":"","unitPosition":"BEFORE"},"type":"DECIMAL","var":"数値"},"5735128":{"id":"5735128","label":"計算","properties":{"displayScale":null,"expression":"数値^2","format":"NUMBER","hideExpression":"false","noLabel":"false","required":"false","roundingMode":null,"scale":null,"unit":"円","unitPosition":"AFTER"},"type":"CALC","var":"計算"},"5735129":{"id":"5735129","label":"ラジオボタン","properties":{"defaultValue":"5735039","noLabel":"false","options":[{"id":"5735039","label":"sample1","valid":true},{"id":"5735040","label":"sample2","valid":true}],"required":"true"},"type":"SINGLE_CHECK","var":"ラジオボタン"},"5735130":{"id":"5735130","label":"チェックボックス","properties":{"defaultValue":[],"noLabel":"false","options":[{"id":"5735041","label":"sample1","valid":true},{"id":"5735042","label":"sample2","valid":true}],"required":"false"},"type":"MULTIPLE_CHECK","var":"チェックボックス"},"5735131":{"id":"5735131","label":"複数選択","properties":{"defaultValue":["5735043"],"noLabel":"false","options":[{"id":"5735043","label":"sample1","valid":true},{"id":"5735044","label":"sample2","valid":true},{"id":"5735045","label":"sample3","valid":true},{"id":"5735046","label":"sample4","valid":true}],"required":"false"},"type":"MULTIPLE_SELECT","var":"複数選択"},"5735132":{"id":"5735132","label":"ドロップダウン","properties":{"defaultValue":null,"noLabel":"false","options":[{"id":"5735047","label":"sample1","valid":true},{"id":"5735048","label":"sample2","valid":true}],"required":"false"},"type":"SINGLE_SELECT","var":"ドロップダウン"},"5735133":{"id":"5735133","label":"日付","properties":{"defaultExpression":null,"defaultValue":"2023-04-01","noLabel":"false","required":"false","unique":"false"},"type":"DATE","var":"日付"},"5735134":{"id":"5735134","label":"時刻","properties":{"defaultExpression":null,"defaultValue":"09:05","noLabel":"false","required":"false"},"type":"TIME","var":"時刻"},"5735135":{"id":"5735135","label":"日時","properties":{"defaultExpression":null,"defaultValue":"2023-04-01T09:05:00.000Z","noLabel":"false","required":"false","unique":"false"},"type":"DATETIME","var":"日時"},"5735136":{"id":"5735136","label":"添付ファイル","properties":{"noLabel":"false","required":"false","thumbnailSize":"150"},"type":"FILE","var":"添付ファイル"},"5735137":{"id":"5735137","label":"リンク","properties":{"defaultValue":"https://www.example.com","max":null,"min":null,"noLabel":"false","protocol":"WEB","required":"false","unique":"false"},"type":"LINK","var":"リンク"},"5735138":{"id":"5735138","label":"ユーザー選択","properties":{"defaultEntities":[],"defaultSelect":[],"entities":[],"noLabel":"false","required":"false","select":[]},"type":"USER_SELECT","var":"ユーザー選択"},"5735139":{"id":"5735139","label":"組織選択","properties":{"defaultEntities":[],"defaultSelect":[],"entities":[],"noLabel":"false","required":"false","select":[]},"type":"ORGANIZATION_SELECT","var":"組織選択"},"5735140":{"id":"5735140","label":"グループ選択","properties":{"defaultEntities":[{"code":"everyone","ctime":"2017-07-28T18:00:06.000Z","description":null,"entityType":"GROUP","formattedDescription":null,"groupCondition":"{\"condition\":{\"key\":\"user\",\"nest\":0,\"op\":\"NE\",\"type\":\"COMPARISON\",\"value\":{\"args\":null,\"type\":\"STRING\",\"value\":\"not number\"}}}","id":"7532782697181632513","isBuiltIn":true,"localName":null,"localNameLocale":null,"mtime":"2017-07-28T18:00:06.000Z","name":"Everyone","published":true,"removed":false,"sortOrder":2147483647,"type":"DYNAMIC"}],"defaultSelect":[{"entityType":"GROUP","id":"7532782697181632513","name":"Everyone"}],"entities":[],"noLabel":"false","required":"false","select":[]},"type":"GROUP_SELECT","var":"グループ選択"},"5735141":{"id":"5735141","label":"グループ","properties":{"noLabel":"false","open":"false","required":"false"},"type":"GROUP","var":"グループ"},"5735142":{"id":"5735142","label":"初期表示グループ","properties":{"noLabel":"false","open":"true","required":"false"},"type":"GROUP","var":"初期表示グループ"},"5735143":{"id":"5735143","label":"フィールド名を表示しない文字列_1行","properties":{"defaultValue":"","expression":"","hideExpression":"false","max":null,"min":null,"noLabel":"true","required":"false","unique":"false"},"type":"SINGLE_LINE_TEXT","var":"フィールド名を表示しない文字列_1行"},"5735144":{"id":"5735144","label":"自動計算文字列","properties":{"defaultValue":"","expression":"ラジオボタン & \" \" & 文字列__1行_","hideExpression":"false","max":null,"min":null,"noLabel":"false","required":"false","unique":"false"},"type":"SINGLE_LINE_TEXT","var":"自動計算文字列"},"5735145":{"id":"5735145","label":"日付計算","properties":{"displayScale":null,"expression":"日時\u002B(10*60*60)","format":"DATETIME","hideExpression":"false","noLabel":"false","required":"false","roundingMode":null,"scale":null,"unit":"次は","unitPosition":"BEFORE"},"type":"CALC","var":"日付計算"},"5735146":{"id":"5735146","label":"ラジオボタン（縦）","properties":{"defaultValue":"5735049","noLabel":"false","options":[{"id":"5735049","label":"sample1","valid":true},{"id":"5735050","label":"sample2","valid":true}],"required":"true"},"type":"SINGLE_CHECK","var":"ラジオボタン_縦"},"5735147":{"id":"5735147","label":"チェックボックス（縦）","properties":{"defaultValue":[],"noLabel":"false","options":[{"id":"5735051","label":"sample1","valid":true},{"id":"5735052","label":"sample2","valid":true}],"required":"false"},"type":"MULTIPLE_CHECK","var":"チェックボックス_0"},"5735148":{"id":"5735148","label":"ユーザー選択（複数）","properties":{"defaultEntities":[],"defaultSelect":[],"entities":[],"noLabel":"false","required":"false","select":[]},"type":"USER_SELECT","var":"ユーザー選択_複数"},"5735149":{"id":"5735149","label":"グループ選択（複数）","properties":{"defaultEntities":[{"code":"Administrators","ctime":"2017-07-28T18:00:06.000Z","description":null,"entityType":"GROUP","formattedDescription":null,"groupCondition":null,"id":"7532782697181632512","isBuiltIn":true,"localName":null,"localNameLocale":null,"mtime":"2017-07-28T18:00:06.000Z","name":"Administrators","published":true,"removed":false,"sortOrder":2147483647,"type":"STATIC"},{"code":"everyone","ctime":"2017-07-28T18:00:06.000Z","description":null,"entityType":"GROUP","formattedDescription":null,"groupCondition":"{\"condition\":{\"key\":\"user\",\"nest\":0,\"op\":\"NE\",\"type\":\"COMPARISON\",\"value\":{\"args\":null,\"type\":\"STRING\",\"value\":\"not number\"}}}","id":"7532782697181632513","isBuiltIn":true,"localName":null,"localNameLocale":null,"mtime":"2017-07-28T18:00:06.000Z","name":"Everyone","published":true,"removed":false,"sortOrder":2147483647,"type":"DYNAMIC"}],"defaultSelect":[{"entityType":"GROUP","id":"7532782697181632512","name":"Administrators"},{"entityType":"GROUP","id":"7532782697181632513","name":"Everyone"}],"entities":[],"noLabel":"false","required":"false","select":[]},"type":"GROUP_SELECT","var":"グループ選択_複数"}},"id":"1","label":"__ROOT__","properties":null,"var":"__ROOT__"}},"settingsNotesForm":{"content":"\u003Cdiv\u003E\u003Cdiv\u003E本アプリは、chomskeiで先行環境と現行環境とのdiff検出対象となるアプリです。\u003C/div\u003E\u003C/div\u003E\u003Cdiv\u003E\u003Cbr /\u003E\u003C/div\u003E\u003Cdiv\u003Emain_appでは、以下に示すフィールドを配置しています。\u003C/div\u003E\u003Cdiv\u003E\u003Cul\u003E\u003Cli\u003Eラベル\u003C/li\u003E\u003Cli\u003E文字列&#xff08;1行&#xff09;\u003C/li\u003E\u003Cli\u003Eリッチエディター\u003C/li\u003E\u003Cli\u003E文字列&#xff08;複数行&#xff09;\u003C/li\u003E\u003Cli\u003E数値\u003C/li\u003E\u003Cli\u003E計算\u003C/li\u003E\u003Cli\u003Eラジオボタン\u003C/li\u003E\u003Cli\u003Eチェックボックス\u003C/li\u003E\u003Cli\u003E複数選択\u003C/li\u003E\u003Cli\u003Eドロップダウン\u003C/li\u003E\u003Cli\u003E日付\u003C/li\u003E\u003Cli\u003E時刻\u003C/li\u003E\u003Cli\u003E日時\u003C/li\u003E\u003Cli\u003E添付ファイル\u003C/li\u003E\u003Cli\u003Eリンク\u003C/li\u003E\u003Cli\u003Eユーザー選択\u003C/li\u003E\u003Cli\u003E組織選択\u003C/li\u003E\u003Cli\u003Eグループ選択\u003C/li\u003E\u003Cli\u003Eスペース\u003C/li\u003E\u003Cli\u003E罫線\u003C/li\u003E\u003Cli\u003Eグループ\u003C/li\u003E\u003Cli\u003Eテーブル\u003C/li\u003E\u003Cli\u003Eレコード番号\u003C/li\u003E\u003Cli\u003E作成者\u003C/li\u003E\u003Cli\u003E作成日時\u003C/li\u003E\u003Cli\u003E更新者\u003C/li\u003E\u003Cli\u003E更新日時\u003C/li\u003E\u003C/ul\u003E\u003C/div\u003E\u003Cdiv\u003E上記を除くフィールド、kintoneの機能はsub_appの方を参照してください。\u003C/div\u003E","willBeInherited":"true"},"status":{"actions":[{"app":null,"assignees":[],"filter":"5735159","from":"5735156","fromLabel":null,"id":"5735161","label":"処理開始","record":null,"revision":null,"to":"5735157","toApprovalType":null,"toLabel":null},{"app":null,"assignees":[],"filter":"5735160","from":"5735157","fromLabel":null,"id":"5735162","label":"完了する","record":null,"revision":null,"to":"5735158","toApprovalType":null,"toLabel":null}],"filters":[{"condition":"","id":"5735159","state":"5735156"},{"condition":"","id":"5735160","state":"5735157"}],"initialStateId":"5735156","states":[{"approvalType":"ONE","assignees":[],"id":"5735156","initial":true,"label":"未処理","valid":true},{"approvalType":"ONE","assignees":[],"id":"5735157","initial":false,"label":"処理中","valid":true},{"approvalType":"ONE","assignees":[],"id":"5735158","initial":false,"label":"完了","valid":true}],"useStatus":"false"},"uuid":"9f746d05-eea3-4232-907d-396864317434","views":[{"advancedMode":"false","builtinType":null,"device":null,"fields":[{"row":[{"columnWidth":null,"id":"5735031"},{"columnWidth":null,"id":"5735124"},{"columnWidth":null,"id":"5735125"},{"columnWidth":null,"id":"5735071"},{"columnWidth":null,"id":"5735126"},{"columnWidth":null,"id":"5735127"},{"columnWidth":null,"id":"5735128"},{"columnWidth":null,"id":"5735129"},{"columnWidth":null,"id":"5735130"},{"columnWidth":null,"id":"5735131"},{"columnWidth":null,"id":"5735132"},{"columnWidth":null,"id":"5735133"},{"columnWidth":null,"id":"5735134"},{"columnWidth":null,"id":"5735135"},{"columnWidth":null,"id":"5735136"},{"columnWidth":null,"id":"5735137"},{"columnWidth":null,"id":"5735138"},{"columnWidth":null,"id":"5735139"},{"columnWidth":null,"id":"5735140"},{"columnWidth":null,"id":"5735143"},{"columnWidth":null,"id":"5735144"},{"columnWidth":null,"id":"5735145"},{"columnWidth":null,"id":"5735146"},{"columnWidth":null,"id":"5735147"},{"columnWidth":null,"id":"5735148"},{"columnWidth":null,"id":"5735149"},{"columnWidth":null,"id":"5735033"},{"columnWidth":null,"id":"5735035"},{"columnWidth":null,"id":"5735032"},{"columnWidth":null,"id":"5735034"}]}],"filter":{"category":null,"offset":null,"order":["DESC"],"q":null,"size":null,"sort":["f5735031"]},"html":null,"keyFieldId":null,"name":"表形式","pager":null,"revision":null,"titleFieldId":null,"view":"5735151","viewType":"LIST"},{"advancedMode":"false","builtinType":null,"device":null,"fields":[{"row":[{"columnWidth":null,"id":"5735135"},{"columnWidth":null,"id":"5735124"}]}],"filter":{"category":null,"offset":null,"order":["DESC"],"q":null,"size":null,"sort":["f5735031"]},"html":null,"keyFieldId":"5735135","name":"カレンダー形式","pager":null,"revision":null,"titleFieldId":"5735124","view":"5735153","viewType":"CALENDAR"},{"advancedMode":"false","builtinType":null,"device":"ANY","fields":[{"row":[]}],"filter":{"category":null,"offset":null,"order":["DESC"],"q":null,"size":null,"sort":["f5735031"]},"html":"","keyFieldId":null,"name":"カスタマイズ形式","pager":"true","revision":null,"titleFieldId":null,"view":"6381628","viewType":"CUSTOM"},{"advancedMode":null,"builtinType":"ALL","device":null,"fields":[{"row":[{"columnWidth":null,"id":"5735031"},{"columnWidth":null,"id":"5735124"},{"columnWidth":null,"id":"5735125"},{"columnWidth":null,"id":"5735126"},{"columnWidth":null,"id":"5735127"},{"columnWidth":null,"id":"5735128"},{"columnWidth":null,"id":"5735129"},{"columnWidth":null,"id":"5735130"},{"columnWidth":null,"id":"5735131"},{"columnWidth":null,"id":"5735132"},{"columnWidth":null,"id":"5735133"},{"columnWidth":null,"id":"5735134"},{"columnWidth":null,"id":"5735135"},{"columnWidth":null,"id":"5735136"},{"columnWidth":null,"id":"5735137"},{"columnWidth":null,"id":"5735138"},{"columnWidth":null,"id":"5735139"},{"columnWidth":null,"id":"5735140"},{"columnWidth":null,"id":"5735143"},{"columnWidth":null,"id":"5735144"},{"columnWidth":null,"id":"5735145"},{"columnWidth":null,"id":"5735146"},{"columnWidth":null,"id":"5735147"},{"columnWidth":null,"id":"5735148"},{"columnWidth":null,"id":"5735149"}]}],"filter":{"category":null,"offset":null,"order":[],"q":null,"size":null,"sort":[]},"html":null,"keyFieldId":null,"name":"（すべて）","pager":null,"revision":null,"titleFieldId":null,"view":"20","viewType":"LIST"}]},{"acl":{"app":[],"field":[],"record":[]},"app":null,"category":{"categories":[{"children":[],"id":"5735190","label":"XXX","valid":"true"},{"children":[{"children":[],"id":"5735192","label":"yyyyy","valid":"true"}],"id":"5735191","label":"YYY","valid":"true"}],"useCategory":"true"},"form":{"layout":"[{\"id\":null,\"type\":\"ROW\",\"isSubTable\":false,\"var\":null,\"label\":null,\"controlList\":[{\"label\":\"\\u003Cdiv\\u003E本アプリは、chomskeiで先行環境と現行環境とのdiff検出対象となるアプリです。\\u003Cbr /\\u003E\\u003C/div\\u003E\",\"styleMap\":{\"width\":551},\"formatted\":\"\\u003Cdiv\\u003E本アプリは、chomskeiで先行環境と現行環境とのdiff検出対象となるアプリです。\\u003Cbr\\u003E\\u003C/div\\u003E\",\"type\":\"LABEL\"}]},{\"id\":null,\"type\":\"ROW\",\"isSubTable\":false,\"var\":null,\"label\":null,\"controlList\":[{\"label\":\"\\u003Cdiv\\u003Esub_appでは、以下に示すフィールドを配置しています。\\u003Cdiv\\u003E\\u003Cul\\u003E\\u003Cli\\u003Eルックアップ\\u003C/li\\u003E\\u003Cli\\u003E数値\\u003C/li\\u003E\\u003Cli data-implied=\\\"true\\\"\\u003E\\u003Cul\\u003E\\u003Cli\\u003E上記「ルックアップ」フィールドで取得した値\\u003C/li\\u003E\\u003C/ul\\u003E\\u003C/li\\u003E\\u003Cli\\u003E関連レコード一覧\\u003C/li\\u003E\\u003Cli data-implied=\\\"true\\\"\\u003E\\u003Cul\\u003E\\u003Cli\\u003Emain_appのレコードを一覧で表示。\\u003C/li\\u003E\\u003C/ul\\u003E\\u003C/li\\u003E\\u003C/ul\\u003Eまた、sub_appでは、kintoneが標準で用意している機能のうち、下記に示す機能を設定しています。\\u003C/div\\u003E\\u003Cdiv\\u003E\\u003Cul\\u003E\\u003Cli\\u003Eプロセス管理\\u003C/li\\u003E\\u003Cli\\u003Eカテゴリー\\u003C/li\\u003E\\u003Cli\\u003E&#xff08;アプリ&#xff09;アクション\\u003C/li\\u003E\\u003C/ul\\u003E\\u003C/div\\u003E\\u003C/div\\u003E\",\"styleMap\":{\"width\":672},\"formatted\":\"\\u003Cdiv\\u003Esub_appでは、以下に示すフィールドを配置しています。\\u003Cdiv\\u003E\\u003Cul\\u003E\\u003Cli\\u003Eルックアップ\\u003C/li\\u003E\\u003Cli\\u003E数値\\u003C/li\\u003E\\u003Cli data-implied=\\\"true\\\"\\u003E\\u003Cul\\u003E\\u003Cli\\u003E上記「ルックアップ」フィールドで取得した値\\u003C/li\\u003E\\u003C/ul\\u003E\\u003C/li\\u003E\\u003Cli\\u003E関連レコード一覧\\u003C/li\\u003E\\u003Cli data-implied=\\\"true\\\"\\u003E\\u003Cul\\u003E\\u003Cli\\u003Emain_appのレコードを一覧で表示。\\u003C/li\\u003E\\u003C/ul\\u003E\\u003C/li\\u003E\\u003C/ul\\u003Eまた、sub_appでは、kintoneが標準で用意している機能のうち、下記に示す機能を設定しています。\\u003C/div\\u003E\\u003Cdiv\\u003E\\u003Cul\\u003E\\u003Cli\\u003Eプロセス管理\\u003C/li\\u003E\\u003Cli\\u003Eカテゴリー\\u003C/li\\u003E\\u003Cli\\u003E（アプリ）アクション\\u003C/li\\u003E\\u003C/ul\\u003E\\u003C/div\\u003E\\u003C/div\\u003E\",\"type\":\"LABEL\"}]},{\"id\":null,\"type\":\"ROW\",\"isSubTable\":false,\"var\":null,\"label\":null,\"controlList\":[{\"isVirtical\":true,\"styleMap\":{\"width\":246},\"type\":\"DECIMAL\",\"var\":\"ルックアップ\",\"label\":\"ルックアップ\"},{\"isVirtical\":true,\"styleMap\":{\"width\":193},\"type\":\"SINGLE_LINE_TEXT\",\"var\":\"ルックアップで習得した値\",\"label\":\"ルックアップで習得した値\"}]},{\"id\":null,\"type\":\"ROW\",\"isSubTable\":false,\"var\":null,\"label\":null,\"controlList\":[{\"isVirtical\":true,\"styleMap\":{},\"type\":\"REFERENCE_TABLE\",\"var\":\"関連レコード一覧\",\"label\":\"関連レコード一覧\"}]}]","revision":null},"iconMeta":null,"info":{"automaticallyChooseTitleComponent":"true","code":null,"decimalPrecision":"16","decimalScale":"4","description":"","enableBulkDeletion":"false","enableRecordReuse":"true","fiscalYearStartMonth":"4","iconKey":"APP68","iconType":"PRESET","jsFiles":null,"jsScope":"ALL","name":"sub_app（chomskei解析対象）","roundingMode":"HALF_EVEN","theme":"PLAIN","titleComponentLocalId":null,"useComment":"true","useHistory":"true","useThumbnail":"true"},"jsFiles":[],"notification":{"appNotifications":[{"events":["RECORD_COMMENT_ADDED"],"target":{"entityId":"5735168","entityType":"FIELD_ENTITY","includeSubs":"false"}},{"events":["RECORD_COMMENT_ADDED"],"target":{"entityId":"5735169","entityType":"FIELD_ENTITY","includeSubs":"false"}},{"events":["RECORD_STATUS_UPDATED"],"target":{"entityId":"5735173","entityType":"FIELD_ENTITY","includeSubs":"false"}}],"recordNotifications":[],"reminderTimezone":null,"reminders":[],"useComment":"true","useReminder":"false"},"plugins":[],"reports":[],"resource":{"tables":[{"rows":[{"fields":[],"objectId":"0","subObjectId":"-1"}],"type":"AppName"},{"rows":[{"fields":[],"objectId":"0","subObjectId":"-1"}],"type":"AppDescription"},{"rows":[{"fields":[],"objectId":"5735167","subObjectId":"-1"},{"fields":[],"objectId":"5735168","subObjectId":"-1"},{"fields":[],"objectId":"5735169","subObjectId":"-1"},{"fields":[],"objectId":"5735170","subObjectId":"-1"},{"fields":[],"objectId":"5735171","subObjectId":"-1"},{"fields":[],"objectId":"5735172","subObjectId":"-1"},{"fields":[],"objectId":"5735173","subObjectId":"-1"},{"fields":[],"objectId":"5735174","subObjectId":"-1"},{"fields":[],"objectId":"6381671","subObjectId":"-1"},{"fields":[],"objectId":"6381715","subObjectId":"-1"},{"fields":[],"objectId":"6381716","subObjectId":"-1"}],"type":"FieldLabel"},{"rows":[{"fields":[],"objectId":"5735196","subObjectId":"-1"},{"fields":[],"objectId":"5735189","subObjectId":"-1"},{"fields":[],"objectId":"20","subObjectId":"-1"}],"type":"ViewName"},{"rows":[{"fields":[],"objectId":"5735181","subObjectId":"-1"},{"fields":[],"objectId":"5735182","subObjectId":"-1"},{"fields":[],"objectId":"5735183","subObjectId":"-1"},{"fields":[],"objectId":"6381689","subObjectId":"-1"},{"fields":[],"objectId":"6381690","subObjectId":"-1"}],"type":"StatusState"},{"rows":[{"fields":[],"objectId":"5735186","subObjectId":"-1"},{"fields":[],"objectId":"5735187","subObjectId":"-1"},{"fields":[],"objectId":"6381693","subObjectId":"-1"},{"fields":[],"objectId":"6381694","subObjectId":"-1"},{"fields":[],"objectId":"6381695","subObjectId":"-1"},{"fields":[],"objectId":"6381696","subObjectId":"-1"},{"fields":[],"objectId":"6381697","subObjectId":"-1"},{"fields":[],"objectId":"6381698","subObjectId":"-1"}],"type":"StatusAction"},{"rows":[{"fields":[],"objectId":"5735191","subObjectId":"-1"},{"fields":[],"objectId":"5735190","subObjectId":"-1"},{"fields":[],"objectId":"5735192","subObjectId":"-1"}],"type":"CategoryName"},{"rows":[{"fields":[],"objectId":"6381676","subObjectId":"-1"}],"type":"AppActionName"}]},"schema":{"groups":[],"revision":null,"subTable":{},"table":{"fieldList":{"5735167":{"id":"5735167","label":"レコード番号","properties":{"noLabel":"false","required":"true"},"type":"RECORD_ID","var":"レコード番号"},"5735168":{"id":"5735168","label":"更新者","properties":{"noLabel":"false","required":"true"},"type":"MODIFIER","var":"更新者"},"5735169":{"id":"5735169","label":"作成者","properties":{"noLabel":"false","required":"true"},"type":"CREATOR","var":"作成者"},"5735170":{"id":"5735170","label":"更新日時","properties":{"noLabel":"false","required":"true"},"type":"MODIFIED_AT","var":"更新日時"},"5735171":{"id":"5735171","label":"作成日時","properties":{"noLabel":"false","required":"true"},"type":"CREATED_AT","var":"作成日時"},"5735172":{"id":"5735172","label":"ステータス","properties":{"noLabel":"false","required":"false"},"type":"STATUS","var":"ステータス"},"5735173":{"id":"5735173","label":"作業者","properties":{"noLabel":"false","required":"false"},"type":"STATUS_ASSIGNEE","var":"作業者"},"5735174":{"id":"5735174","label":"カテゴリー","properties":{"noLabel":"false","required":"false"},"type":"CATEGORY","var":"カテゴリー"},"6381671":{"id":"6381671","label":"関連レコード一覧","properties":{"noLabel":"false","required":"false"},"type":"REFERENCE_TABLE","var":"関連レコード一覧"},"6381715":{"id":"6381715","label":"ルックアップ","properties":{"defaultValue":null,"digit":"false","displayScale":null,"max":null,"min":null,"noLabel":"false","required":"false","roundingMode":null,"scale":null,"unique":"false","unit":null,"unitPosition":"BEFORE"},"type":"DECIMAL","var":"ルックアップ"},"6381716":{"id":"6381716","label":"ルックアップで習得した値","properties":{"defaultValue":"","expression":"","hideExpression":"false","max":null,"min":null,"noLabel":"false","required":"false","unique":"false"},"type":"SINGLE_LINE_TEXT","var":"ルックアップで習得した値"}},"id":"1","label":"__ROOT__","properties":null,"var":"__ROOT__"}},"settingsNotesForm":{"content":"\u003Cdiv\u003E本アプリは、chomskeiで先行環境と現行環境とのdiff検出対象となるアプリです。\u003C/div\u003E\u003Cdiv\u003E\u003Cbr /\u003E\u003C/div\u003E\u003Cdiv\u003E\u003Cdiv\u003Esub_appでは、以下に示すフィールドを配置しています。\u003Cdiv\u003E\u003Cul\u003E\u003Cli\u003Eルックアップ\u003C/li\u003E\u003Cli\u003E数値\u003C/li\u003E\u003Cli data-implied=\"true\"\u003E\u003Cul\u003E\u003Cli\u003E上記「ルックアップ」フィールドで取得した値\u003C/li\u003E\u003C/ul\u003E\u003C/li\u003E\u003Cli\u003E関連レコード一覧\u003C/li\u003E\u003Cli data-implied=\"true\"\u003E\u003Cul\u003E\u003Cli\u003Emain_appのレコードを一覧で表示。\u003C/li\u003E\u003C/ul\u003E\u003C/li\u003E\u003C/ul\u003Eまた、sub_appでは、kintoneが標準で用意している機能のうち、下記に示す機能を設定しています。\u003C/div\u003E\u003Cdiv\u003E\u003Cul\u003E\u003Cli\u003Eプロセス管理\u003C/li\u003E\u003Cli\u003Eカテゴリー\u003C/li\u003E\u003Cli\u003E&#xff08;アプリ&#xff09;アクション\u003C/li\u003E\u003C/ul\u003E\u003C/div\u003E\u003C/div\u003E\u003C/div\u003E","willBeInherited":"true"},"status":{"actions":[{"app":null,"assignees":[],"filter":"5735184","from":"5735181","fromLabel":null,"id":"5735186","label":"処理開始","record":null,"revision":null,"to":"5735182","toApprovalType":null,"toLabel":null},{"app":null,"assignees":[],"filter":"5735185","from":"5735182","fromLabel":null,"id":"5735187","label":"次のユーザーのうち1人","record":null,"revision":null,"to":"6381689","toApprovalType":null,"toLabel":null},{"app":null,"assignees":[],"filter":"5735185","from":"5735182","fromLabel":null,"id":"6381693","label":"次のユーザー全員","record":null,"revision":null,"to":"6381690","toApprovalType":null,"toLabel":null},{"app":null,"assignees":[],"filter":"5735185","from":"5735182","fromLabel":null,"id":"6381694","label":"完了する","record":null,"revision":null,"to":"5735183","toApprovalType":null,"toLabel":null},{"app":null,"assignees":[],"filter":"6381691","from":"6381689","fromLabel":null,"id":"6381695","label":"次のユーザーから作業者を選択","record":null,"revision":null,"to":"5735182","toApprovalType":null,"toLabel":null},{"app":null,"assignees":[],"filter":"6381691","from":"6381689","fromLabel":null,"id":"6381696","label":"次のユーザー全員","record":null,"revision":null,"to":"6381690","toApprovalType":null,"toLabel":null},{"app":null,"assignees":[],"filter":"6381691","from":"6381689","fromLabel":null,"id":"6381697","label":"完了する","record":null,"revision":null,"to":"5735183","toApprovalType":null,"toLabel":null},{"app":null,"assignees":[],"filter":"6381692","from":"6381690","fromLabel":null,"id":"6381698","label":"完了する","record":null,"revision":null,"to":"5735183","toApprovalType":null,"toLabel":null}],"filters":[{"condition":"","id":"5735184","state":"5735181"},{"condition":"","id":"5735185","state":"5735182"},{"condition":"","id":"6381691","state":"6381689"},{"condition":"","id":"6381692","state":"6381690"}],"initialStateId":"5735181","states":[{"approvalType":"ONE","assignees":[],"id":"5735181","initial":true,"label":"未処理","valid":true},{"approvalType":"ONE","assignees":[],"id":"5735182","initial":false,"label":"次のユーザーから作業者を選択","valid":true},{"approvalType":"ANY","assignees":[],"id":"6381689","initial":false,"label":"次のユーザーのうち1人","valid":true},{"approvalType":"ALL","assignees":[],"id":"6381690","initial":false,"label":"次のユーザー全員","valid":true},{"approvalType":"ONE","assignees":[],"id":"5735183","initial":false,"label":"完了","valid":true}],"useStatus":"true"},"uuid":"3dd6a62e-97db-41ed-8239-020eeac8129e","views":[{"advancedMode":"false","builtinType":null,"device":null,"fields":[{"row":[{"columnWidth":null,"id":"5735167"},{"columnWidth":null,"id":"6381715"},{"columnWidth":null,"id":"6381716"},{"columnWidth":null,"id":"5735172"},{"columnWidth":null,"id":"5735173"},{"columnWidth":null,"id":"5735174"}]}],"filter":{"category":null,"offset":null,"order":["DESC"],"q":null,"size":null,"sort":["f5735167"]},"html":null,"keyFieldId":null,"name":"表一覧","pager":null,"revision":null,"titleFieldId":null,"view":"5735196","viewType":"LIST"},{"advancedMode":"false","builtinType":"ASSIGN","device":null,"fields":[{"row":[{"columnWidth":null,"id":"5735172"}]}],"filter":{"category":null,"offset":null,"order":["DESC"],"q":"f5735173 in (LOGINUSER())","size":null,"sort":["f5735167"]},"html":null,"keyFieldId":null,"name":"（作業者が自分）","pager":null,"revision":null,"titleFieldId":null,"view":"5735189","viewType":"LIST"},{"advancedMode":null,"builtinType":"ALL","device":null,"fields":[{"row":[{"columnWidth":null,"id":"5735167"},{"columnWidth":null,"id":"5735172"},{"columnWidth":null,"id":"5735173"},{"columnWidth":null,"id":"6381715"},{"columnWidth":null,"id":"6381716"}]}],"filter":{"category":null,"offset":null,"order":[],"q":null,"size":null,"sort":[]},"html":null,"keyFieldId":null,"name":"（すべて）","pager":null,"revision":null,"titleFieldId":null,"view":"20","viewType":"LIST"}]}],"description":"本アプリテンプレートは、chomskeiで先行環境と現行環境とのdiff検出対象となるアプリ一式が含まれているアプリのテンプレートです。","iconKey":"APP68","iconMeta":null,"iconSrcAppId":"3dd6a62e-97db-41ed-8239-020eeac8129e","iconType":"PRESET","imagesMeta":[],"lookups":[{"actingAppId":"3dd6a62e-97db-41ed-8239-020eeac8129e","fieldMappings":[{"fieldId":"6381716","targetFieldId":"5735124"}],"keyMapping":{"fieldId":"6381715","targetFieldId":"5735127"},"listFields":["5735031","5735124","5735130"],"query":{"category":null,"offset":null,"order":["desc"],"q":"order by f5735031 desc","size":null,"sort":["f5735031"]},"targetAppId":"9f746d05-eea3-4232-907d-396864317434"}],"name":"sample_app_for_chomskei","references":[{"actingAppId":"3dd6a62e-97db-41ed-8239-020eeac8129e","filterInputFieldId":"6381716","filterMasterFieldId":"5735124","masterFieldIds":["5735031","5735124","5735125","5735126","5735127","5735128","5735129","5735130","5735131","5735132","5735133","5735134","5735135","5735136","5735137","5735138","5735139","5735140","5735143","5735144","5735145","5735146","5735147","5735148","5735149","5735033","5735035","5735032","5735034"],"query":{"category":null,"offset":null,"order":["desc"],"q":"order by f5735031 desc","size":null,"sort":["f5735031"]},"size":"10","targetAppId":"9f746d05-eea3-4232-907d-396864317434","vtComponentLocalId":"6381671"}],"version":"40"}